currency,net_type,address,secondary_address,response_msg
0G,0G,0x4832315bf491e4ef3637988f2a3d8951c8231800,,Success
1INCH,ETH,0x4832315bf491e4ef3637988f2a3d8951c8231800,,Success
2Z,SOL,BVycw5iD6vF2gAkH2bb2tPAU5v9xswxWjh45n34nhwqX,,Success
A,Unknown,,,No valid network found
A8,ETH,0x4832315bf491e4ef3637988f2a3d8951c8231800,,Success
AAVE,ETH,0x4832315bf491e4ef3637988f2a3d8951c8231800,,Success
ACE,Unknown,,,No valid network found
ACH,ETH,0x4832315bf491e4ef3637988f2a3d8951c8231800,,Success
ACS,SOL,BVycw5iD6vF2gAkH2bb2tPAU5v9xswxWjh45n34nhwqX,,Success
ACX,ETH,0x4832315bf491e4ef3637988f2a3d8951c8231800,,Success
ADA,ADA,DdzFFzCqrhsjLxTGEn4dhzG7Pqpr2R965hQWVkYBnGwGr9K37dd555q5KvfJ92HXibg8UNjgxqU1Vnhg35SuBLcPqhaGD5DW8iatwGif,,Success
ADP,ETH,0x4832315bf491e4ef3637988f2a3d8951c8231800,,Success
AERGO,AERGO,AmLz7z2zJEhKme9cPF2YsZQtATjNAsxJPhstMSB9qQH1mJL2AMKt,,Success
AERO,Unknown,,,No valid network found
AGI,ETH,0x4832315bf491e4ef3637988f2a3d8951c8231800,,Success
AGLD,ETH,0x4832315bf491e4ef3637988f2a3d8951c8231800,,Success
AHT,Unknown,,,No valid network found
AIOZ,ETH,0x4832315bf491e4ef3637988f2a3d8951c8231800,,Success
AKT,AKT,akash1rdfzqlft866y6mz2r6xd3s049sfm3hcqym4a4h,1008712663,Success
AL,ETH,0x4832315bf491e4ef3637988f2a3d8951c8231800,,Success
ALGO,ALGO,B2ZBBEPIKXJYGG3Q3VKOXJU75FJCDNOFXVSULCMCDUNDTXU5ECQI7OTGUM,,Success
ALICE,ETH,0x4832315bf491e4ef3637988f2a3d8951c8231800,,Success
ALLO,ALLO,allo1lgjksr46uzn37lg059u4fhscxg784ayd5g0t68,1008712663,Success
ALT,ETH,0x4832315bf491e4ef3637988f2a3d8951c8231800,,Success
AMO,Unknown,,,No valid network found
AMP,ETH,0x4832315bf491e4ef3637988f2a3d8951c8231800,,Success
ANIME,Unknown,,,No valid network found
ANKR,ETH,0x4832315bf491e4ef3637988f2a3d8951c8231800,,Success
APE,ETH,0x4832315bf491e4ef3637988f2a3d8951c8231800,,Success
API3,ETH,0x4832315bf491e4ef3637988f2a3d8951c8231800,,Success
APT,APT,0x649f5fd5cf7d662f298c9f297ec9b61cbe32f405517e2990f8140444c5e583b3,,Success
AQT,ETH,0x4832315bf491e4ef3637988f2a3d8951c8231800,,Success
AR,AR,978YdX3Cckejd7q2ssZfiFahi87uFVbwFD4tD7yodjE,,Success
ARB,Unknown,,,No valid network found
ARDR,ARDR,ARDOR-9QTH-2LQR-XXUT-EG2RC,1008712663,Success
ARK,ARK,ALowigLJkh4YYkVvqxJhgesfapqZ2EGaFE,,Success
ARKM,ETH,0x4832315bf491e4ef3637988f2a3d8951c8231800,,Success
ARPA,ETH,0x4832315bf491e4ef3637988f2a3d8951c8231800,,Success
ASTER,Unknown,,,No valid network found
ASTR,ASTR,WfdennnqeVDotMz5kQSQyt8E5nvAn9CfuENsFqMJTDNYV8r,,Success
ATH,ETH,0x4832315bf491e4ef3637988f2a3d8951c8231800,,Success
ATOM,ATOM,cosmos1erzjr93gcqgvcs7azqaglrjqy5ntzn3da5p340,1008712663,Success
AUCTION,ETH,0x4832315bf491e4ef3637988f2a3d8951c8231800,,Success
AUDIO,ETH,0x4832315bf491e4ef3637988f2a3d8951c8231800,,Success
AVAIL,AVAIL,5EtZcQHX3ZPbVnFJ4PemaQFrd6X5KH36XSBx9x8bkzwBDqfq,,Success
AVAX,AVAX,0xf826838a58343c518456fb85c177b8b731715497,,Success
AVL,ETH,0x4832315bf491e4ef3637988f2a3d8951c8231800,,Success
AVNT,Unknown,,,No valid network found
AWE,ETH,0x4832315bf491e4ef3637988f2a3d8951c8231800,,Success
AXS,ETH,0x4832315bf491e4ef3637988f2a3d8951c8231800,,Success
AZIT,Unknown,,,No valid network found
B3,Unknown,,,No valid network found
BABY,BABY,bbn1yllrv72nr87pwzp8e9j0uyh3u4m7mtk3asx3re,1008712663,Success
BARD,ETH,0x4832315bf491e4ef3637988f2a3d8951c8231800,,Success
BAT,ETH,0x4832315bf491e4ef3637988f2a3d8951c8231800,,Success
BB,BB,0x4832315bf491e4ef3637988f2a3d8951c8231800,,Success
BCH,BCH,bitcoincash:qpjv9jaqmfjq4mwrnvh8qkxevskl3yep7v7efwsmd0,,Success
BEAM,ETH,0x4832315bf491e4ef3637988f2a3d8951c8231800,,Success
BEL,ETH,0x4832315bf491e4ef3637988f2a3d8951c8231800,,Success
BERA,BERA,0x4832315bf491e4ef3637988f2a3d8951c8231800,,Success
BFC,BFC,0x4832315bf491e4ef3637988f2a3d8951c8231800,,Success
BICO,ETH,0x4832315bf491e4ef3637988f2a3d8951c8231800,,Success
BIGTIME,ETH,0x4832315bf491e4ef3637988f2a3d8951c8231800,,Success
BIO,ETH,0x4832315bf491e4ef3637988f2a3d8951c8231800,,Success
BIOT,ETH,0x4832315bf491e4ef3637988f2a3d8951c8231800,,Success
BLAST,Unknown,,,No valid network found
BLUE,Unknown,,,No valid network found
BLUR,ETH,0x4832315bf491e4ef3637988f2a3d8951c8231800,,Success
BLY,ETH,0x4832315bf491e4ef3637988f2a3d8951c8231800,,Success
BMT,SOL,BVycw5iD6vF2gAkH2bb2tPAU5v9xswxWjh45n34nhwqX,,Success
BNB,BNB,bnb1v9zfqel0afjx0fuatmgrrpfzfl6yj7fk35selm,1008712663,Success
BNT,ETH,0x4832315bf491e4ef3637988f2a3d8951c8231800,,Success
BOA,ETH,0x4832315bf491e4ef3637988f2a3d8951c8231800,,Success
BOB,BOB,0x4832315bf491e4ef3637988f2a3d8951c8231800,,Success
BOBA,ETH,0x4832315bf491e4ef3637988f2a3d8951c8231800,,Success
BONK,SOL,BVycw5iD6vF2gAkH2bb2tPAU5v9xswxWjh45n34nhwqX,,Success
BORA,Unknown,,,No valid network found
BOUNTY,Unknown,,,No valid network found
BRETT,Unknown,,,No valid network found
BREV,ETH,0x4832315bf491e4ef3637988f2a3d8951c8231800,,Success
BSV,BSV,12tjNQdNWyaE7iCbWuLLKvXG7Ykh2buMxP,,Success
BTC,BTC,1HZ7q8XqjSqERTNzxpwxaHBdbmbjJkzoLD,,Success
BTR,ETH,0x4832315bf491e4ef3637988f2a3d8951c8231800,,Success
BTT,Unknown,,,No valid network found
C,ETH,0x4832315bf491e4ef3637988f2a3d8951c8231800,,Success
C98,Unknown,,,No valid network found
CAKE,Unknown,,,No valid network found
CAMP,ETH,0x4832315bf491e4ef3637988f2a3d8951c8231800,,Success
CARV,Unknown,,,No valid network found
CBK,ETH,0x4832315bf491e4ef3637988f2a3d8951c8231800,,Success
CELO,CELO,0x4832315bf491e4ef3637988f2a3d8951c8231800,,Success
CELR,ETH,0x4832315bf491e4ef3637988f2a3d8951c8231800,,Success
CFX,CFX,0x4832315bf491e4ef3637988f2a3d8951c8231800,,Success
CHR,ETH,0x4832315bf491e4ef3637988f2a3d8951c8231800,,Success
CHZ,CHZ,0x4832315bf491e4ef3637988f2a3d8951c8231800,,Success
CHZ,ETH,0x4832315bf491e4ef3637988f2a3d8951c8231800,,Success
CKB,CKB,ckb1qyqf9h7nucs6lhsg2ew7hdsayvz2v4fqef5qhvzpu7,,Success
COMP,ETH,0x4832315bf491e4ef3637988f2a3d8951c8231800,,Success
COOKIE,Unknown,,,No valid network found
CORE,CORE,0x4832315bf491e4ef3637988f2a3d8951c8231800,,Success
COS,ETH,0x4832315bf491e4ef3637988f2a3d8951c8231800,,Success
COTI,ETH,0x4832315bf491e4ef3637988f2a3d8951c8231800,,Success
COW,ETH,0x4832315bf491e4ef3637988f2a3d8951c8231800,,Success
CPOOL,ETH,0x4832315bf491e4ef3637988f2a3d8951c8231800,,Success
CRO,CRO,cro1kw5at3upmep67xas7azsmmenzhacn59pzmq9l0,1008712663,Success
CRTS,ETH,0x4832315bf491e4ef3637988f2a3d8951c8231800,,Success
CRV,ETH,0x4832315bf491e4ef3637988f2a3d8951c8231800,,Success
CSPR,CSPR,0198d8ab4dfbf57f49fdb3666b81868d465b8c8bc9d3af676c689cdf6338683b9e,,Success
CTC,ETH,0x4832315bf491e4ef3637988f2a3d8951c8231800,,Success
CTK,CTK,shentu1kpgetlkl5gm9vwerufs4t2vg7j5f0styr6ndq4,1008712663,Success
CTSI,ETH,0x4832315bf491e4ef3637988f2a3d8951c8231800,,Success
CUDIS,SOL,BVycw5iD6vF2gAkH2bb2tPAU5v9xswxWjh45n34nhwqX,,Success
CVC,ETH,0x4832315bf491e4ef3637988f2a3d8951c8231800,,Success
CYBER,ETH,0x4832315bf491e4ef3637988f2a3d8951c8231800,,Success
D,Unknown,,,No valid network found
DAO,ETH,0x4832315bf491e4ef3637988f2a3d8951c8231800,,Success
DBR,SOL,BVycw5iD6vF2gAkH2bb2tPAU5v9xswxWjh45n34nhwqX,,Success
DEEP,Unknown,,,No valid network found
DEXE,ETH,0x4832315bf491e4ef3637988f2a3d8951c8231800,,Success
DKA,ETH,0x4832315bf491e4ef3637988f2a3d8951c8231800,,Success
DOGE,DOGE,DAjzvjzRhHKdVCcp5HQh7KCoJog5E9Fw7Y,,Success
DOOD,SOL,BVycw5iD6vF2gAkH2bb2tPAU5v9xswxWjh45n34nhwqX,,Success
DOT,DOT,15g77BkZPBXErSFZMXgnYrawjMNfnMB31MCWXfbJos33NkEw,,Success
DRIFT,SOL,BVycw5iD6vF2gAkH2bb2tPAU5v9xswxWjh45n34nhwqX,,Success
DYDX,DYDX,dydx1gj0m8dtsprfsqeh5p9zd5qzx3j0l5ck9l0nf3l,1008712663,Success
DYDX,ETH,0x4832315bf491e4ef3637988f2a3d8951c8231800,,Success
EDEN,ETH,0x4832315bf491e4ef3637988f2a3d8951c8231800,,Success
EDU,Unknown,,,No valid network found
EGG,ETH,0x4832315bf491e4ef3637988f2a3d8951c8231800,,Success
EGLD,EGLD,erd143362utm6dex4dcj2n3rrp9pdlzedl09tc8v2x24xaqwtjqhwvfq7evcv5,,Success
EIGEN,ETH,0x4832315bf491e4ef3637988f2a3d8951c8231800,,Success
EL,ETH,0x4832315bf491e4ef3637988f2a3d8951c8231800,,Success
ELF,ELF,2BoZKb7H86RQht79CmFPF8W5t66mkrMPQ4NdLA7xqRcetgK3bG,,Success
ELIZAOS,SOL,BVycw5iD6vF2gAkH2bb2tPAU5v9xswxWjh45n34nhwqX,,Success
ENA,ETH,0x4832315bf491e4ef3637988f2a3d8951c8231800,,Success
ENJ,ENJ,enBF84rckjiaZ2kxhUvGgH2jZieekDwMNYGLSNwzywS8iLPPm,,Success
ENS,ETH,0x4832315bf491e4ef3637988f2a3d8951c8231800,,Success
ENSO,ETH,0x4832315bf491e4ef3637988f2a3d8951c8231800,,Success
EPT,ETH,0x4832315bf491e4ef3637988f2a3d8951c8231800,,Success
ERA,ETH,0x4832315bf491e4ef3637988f2a3d8951c8231800,,Success
ES,ES,BVycw5iD6vF2gAkH2bb2tPAU5v9xswxWjh45n34nhwqX,,Success
ES,ETH,0x4832315bf491e4ef3637988f2a3d8951c8231800,,Success
ETC,ETC,0x2ad162cd84583124514d90c5777e07a7a77ffb5c,,Success
ETH,ETH,0x4832315bf491e4ef3637988f2a3d8951c8231800,,Success
ETHFI,ETH,0x4832315bf491e4ef3637988f2a3d8951c8231800,,Success
EUL,ETH,0x4832315bf491e4ef3637988f2a3d8951c8231800,,Success
F,ETH,0x4832315bf491e4ef3637988f2a3d8951c8231800,,Success
FANC,ETH,0x4832315bf491e4ef3637988f2a3d8951c8231800,,Success
FCT2,FCT2,firma12d9em753wk5w6x39lxr4cyqf77nc0ff8jly5wp,1008712663,Success
FET,ETH,0x4832315bf491e4ef3637988f2a3d8951c8231800,,Success
FF,ETH,0x4832315bf491e4ef3637988f2a3d8951c8231800,,Success
FIDA,SOL,BVycw5iD6vF2gAkH2bb2tPAU5v9xswxWjh45n34nhwqX,,Success
FIL,FIL,f1wtrq5cau5fbyvxdyx6scbdp2o676krpslfcuvga,,Success
FITFI,AVAX,0xf826838a58343c518456fb85c177b8b731715497,,Success
FLOCK,Unknown,,,No valid network found
FLOKI,Unknown,,,No valid network found
FLOW,FLOW,0x19f84d72ad81162b,,Success
FLR,FLR,0x4832315bf491e4ef3637988f2a3d8951c8231800,,Success
FLUID,ETH,0x4832315bf491e4ef3637988f2a3d8951c8231800,,Success
FLUX,ETH,0x4832315bf491e4ef3637988f2a3d8951c8231800,,Success
FORT,ETH,0x4832315bf491e4ef3637988f2a3d8951c8231800,,Success
FXS,ETH,0x4832315bf491e4ef3637988f2a3d8951c8231800,,Success
G,G,0x4832315bf491e4ef3637988f2a3d8951c8231800,,Success
G,ETH,0x4832315bf491e4ef3637988f2a3d8951c8231800,,Success
GALA,ETH,0x4832315bf491e4ef3637988f2a3d8951c8231800,,Success
GAME2,ETH,0x4832315bf491e4ef3637988f2a3d8951c8231800,,Success
GAS,Unknown,,,No valid network found
GHX,ETH,0x4832315bf491e4ef3637988f2a3d8951c8231800,,Success
GLM,ETH,0x4832315bf491e4ef3637988f2a3d8951c8231800,,Success
GMT,Unknown,,,No valid network found
GMX,Unknown,,,No valid network found
GNO,ETH,0x4832315bf491e4ef3637988f2a3d8951c8231800,,Success
GOAT,SOL,BVycw5iD6vF2gAkH2bb2tPAU5v9xswxWjh45n34nhwqX,,Success
GRACY,ETH,0x4832315bf491e4ef3637988f2a3d8951c8231800,,Success
GRASS,SOL,BVycw5iD6vF2gAkH2bb2tPAU5v9xswxWjh45n34nhwqX,,Success
GRND,Unknown,,,No valid network found
GRT,ETH,0x4832315bf491e4ef3637988f2a3d8951c8231800,,Success
GTC,ETH,0x4832315bf491e4ef3637988f2a3d8951c8231800,,Success
H,ETH,0x4832315bf491e4ef3637988f2a3d8951c8231800,,Success
HAEDAL,Unknown,,,No valid network found
HBAR,HBAR,0.0.3818172,1008712663,Success
HEMI,ETH,0x4832315bf491e4ef3637988f2a3d8951c8231800,,Success
HFT,ETH,0x4832315bf491e4ef3637988f2a3d8951c8231800,,Success
HIGH,Unknown,,,No valid network found
HIVE,HIVE,bithumbrecv2,1008712663,Success
HOLO,SOL,BVycw5iD6vF2gAkH2bb2tPAU5v9xswxWjh45n34nhwqX,,Success
HOME,Unknown,,,No valid network found
HOOK,Unknown,,,No valid network found
HP,HP,hippo10rcy7lc0rew47ex58e7na6843vfqe049ky5gu6,1008712663,Success
HP,ETH,0x4832315bf491e4ef3637988f2a3d8951c8231800,,Success
HUMA,SOL,BVycw5iD6vF2gAkH2bb2tPAU5v9xswxWjh45n34nhwqX,,Success
HUNT,ETH,0x4832315bf491e4ef3637988f2a3d8951c8231800,,Success
HVH,ETH,0x4832315bf491e4ef3637988f2a3d8951c8231800,,Success
HYPER,ETH,0x4832315bf491e4ef3637988f2a3d8951c8231800,,Success
ICP,ICP,d91dbd3fd93352c95c6c110330f2d61abd06d46cf9bffb655237cf7ab042ea3f,,Success
ICX,ICX,hx118f41bb47280559495424eb25347660858a4425,,Success
ID,ETH,0x4832315bf491e4ef3637988f2a3d8951c8231800,,Success
ILV,ETH,0x4832315bf491e4ef3637988f2a3d8951c8231800,,Success
IMX,ETH,0x4832315bf491e4ef3637988f2a3d8951c8231800,,Success
IN,ETH,0x4832315bf491e4ef3637988f2a3d8951c8231800,,Success
INIT,INIT,init1v96pcz7qysf9dlr5qc92fgka3r2d33ychclx6k,1008712663,Success
INJ,INJ,inj186lcc28467d5z3xyxca9mwxq2m8pcqey5nr60u,1008712663,Success
INJ,ETH,0x4832315bf491e4ef3637988f2a3d8951c8231800,,Success
IO,SOL,BVycw5iD6vF2gAkH2bb2tPAU5v9xswxWjh45n34nhwqX,,Success
IOST,IOST,bithumbrecv,1008712663,Success
IOTA,IOTA,0x6afe5687505394705902cd992290bdcb5161bff0bde78c78321c02d2c46d51ec,,Success
IOTX,IOTX,io13kzxszgcafsg84e3t9c4rpccj5nehh3tqudn6e,,Success
IP,IP,0x4832315bf491e4ef3637988f2a3d8951c8231800,,Success
IQ,ETH,0x4832315bf491e4ef3637988f2a3d8951c8231800,,Success
IRYS,ETH,0x4832315bf491e4ef3637988f2a3d8951c8231800,,Success
JASMY,ETH,0x4832315bf491e4ef3637988f2a3d8951c8231800,,Success
JOE,AVAX,0xf826838a58343c518456fb85c177b8b731715497,,Success
JST,Unknown,,,No valid network found
JTO,SOL,BVycw5iD6vF2gAkH2bb2tPAU5v9xswxWjh45n34nhwqX,,Success
JUP,SOL,BVycw5iD6vF2gAkH2bb2tPAU5v9xswxWjh45n34nhwqX,,Success
KAIA,KAIA,0xd2e750f57f477c0944db40b6dfb460083be43924,,Success
KAITO,Unknown,,,No valid network found
KAVA,KAVA,kava14cpnfjhjs2k4un4lafftmwfmn5wgsmxhcqne0r,1008712663,Success
KERNEL,ETH,0x4832315bf491e4ef3637988f2a3d8951c8231800,,Success
KITE,ETH,0x4832315bf491e4ef3637988f2a3d8951c8231800,,Success
KMNO,SOL,BVycw5iD6vF2gAkH2bb2tPAU5v9xswxWjh45n34nhwqX,,Success
KNC,ETH,0x4832315bf491e4ef3637988f2a3d8951c8231800,,Success
KSM,KSM,D5hAzFny6iLH1gkb4P32kqaAnFirzpQphdFfW3fixKQ3vNo,,Success
LA,ETH,0x4832315bf491e4ef3637988f2a3d8951c8231800,,Success
LAYER,SOL,BVycw5iD6vF2gAkH2bb2tPAU5v9xswxWjh45n34nhwqX,,Success
LDO,ETH,0x4832315bf491e4ef3637988f2a3d8951c8231800,,Success
LINEA,LINEA,0x4832315bf491e4ef3637988f2a3d8951c8231800,,Success
LINK,ETH,0x4832315bf491e4ef3637988f2a3d8951c8231800,,Success
LISTA,Unknown,,,No valid network found
LM,ETH,0x4832315bf491e4ef3637988f2a3d8951c8231800,,Success
LPT,ETH,0x4832315bf491e4ef3637988f2a3d8951c8231800,,Success
LRC,ETH,0x4832315bf491e4ef3637988f2a3d8951c8231800,,Success
LSK,LSK,lsk3m2ufpwwjye3ubqdkzeruefzssor634w5a2fnn,,Success
LSK,ETH,0x4832315bf491e4ef3637988f2a3d8951c8231800,,Success
LWA,ETH,0x4832315bf491e4ef3637988f2a3d8951c8231800,,Success
MAGIC,MAGIC,0x4832315bf491e4ef3637988f2a3d8951c8231800,,Success
MANA,ETH,0x4832315bf491e4ef3637988f2a3d8951c8231800,,Success
MANTA,Unknown,,,No valid network found
MAPO,MAPO,0x4832315bf491e4ef3637988f2a3d8951c8231800,,Success
MAPO,ETH,0x4832315bf491e4ef3637988f2a3d8951c8231800,,Success
MASK,ETH,0x4832315bf491e4ef3637988f2a3d8951c8231800,,Success
MAV,ETH,0x4832315bf491e4ef3637988f2a3d8951c8231800,,Success
MAY,SOL,BVycw5iD6vF2gAkH2bb2tPAU5v9xswxWjh45n34nhwqX,,Success
MBL,Unknown,,,No valid network found
MBX,Unknown,,,No valid network found
ME,SOL,BVycw5iD6vF2gAkH2bb2tPAU5v9xswxWjh45n34nhwqX,,Success
MED,MED,panacea1ewqtt74fdgyag8clvd9epv7c36409tx2yq37hz,1008712663,Success
MERL,Unknown,,,No valid network found
MET,SOL,BVycw5iD6vF2gAkH2bb2tPAU5v9xswxWjh45n34nhwqX,,Success
META,META,0x321fa16c9e194ea3e035ca611a87a1b23fbbbf45,,Success
METIS,ETH,0x4832315bf491e4ef3637988f2a3d8951c8231800,,Success
MEV,MEV,0x4832315bf491e4ef3637988f2a3d8951c8231800,,Success
MEW,SOL,BVycw5iD6vF2gAkH2bb2tPAU5v9xswxWjh45n34nhwqX,,Success
MINA,MINA,B62qjd8Kt1w6s5M2mud3LkiQudcDkwjsteJwfiXmq3KYRGSJggW8vbJ,,Success
MIRA,Unknown,,,No valid network found
MLK,Unknown,,,No valid network found
MMT,Unknown,,,No valid network found
MNT,ETH,0x4832315bf491e4ef3637988f2a3d8951c8231800,,Success
MOC,ETH,0x4832315bf491e4ef3637988f2a3d8951c8231800,,Success
MOCA,ETH,0x4832315bf491e4ef3637988f2a3d8951c8231800,,Success
MON,MON,0x4832315bf491e4ef3637988f2a3d8951c8231800,,Success
MOODENG,SOL,BVycw5iD6vF2gAkH2bb2tPAU5v9xswxWjh45n34nhwqX,,Success
MORPHO,ETH,0x4832315bf491e4ef3637988f2a3d8951c8231800,,Success
MOVE,ETH,0x4832315bf491e4ef3637988f2a3d8951c8231800,,Success
MTL,ETH,0x4832315bf491e4ef3637988f2a3d8951c8231800,,Success
MVC,ETH,0x4832315bf491e4ef3637988f2a3d8951c8231800,,Success
MVL,ETH,0x4832315bf491e4ef3637988f2a3d8951c8231800,,Success
NCT,ETH,0x4832315bf491e4ef3637988f2a3d8951c8231800,,Success
NEAR,NEAR,2d924f6682c51d77d435556606ae1d2f1225c7713b7cb52983394822a3ffd231,,Success
NEIRO,ETH,0x4832315bf491e4ef3637988f2a3d8951c8231800,,Success
NEO,NEO,NgYAFje6QqRQnoYBQFBxgJzAcz2BuyGDDc,,Success
NEWT,ETH,0x4832315bf491e4ef3637988f2a3d8951c8231800,,Success
NFT,Unknown,,,No valid network found
NIL,NIL,nillion15pqne68cph407znpeuzjmncsp7k4q5qkwe2xpf,1008712663,Success
NMR,ETH,0x4832315bf491e4ef3637988f2a3d8951c8231800,,Success
NOM,ETH,0x4832315bf491e4ef3637988f2a3d8951c8231800,,Success
NXPC,AVAX,0xf826838a58343c518456fb85c177b8b731715497,,Success
OAS,OAS,0x4832315bf491e4ef3637988f2a3d8951c8231800,,Success
OBSR,Unknown,,,No valid network found
OBT,Unknown,,,No valid network found
OGN,ETH,0x4832315bf491e4ef3637988f2a3d8951c8231800,,Success
OM,OM,mantra1v4zw2gga6jjsy4njnj472c0nxaep0srz65fmqa,1008712663,Success
ONDO,ETH,0x4832315bf491e4ef3637988f2a3d8951c8231800,,Success
ONG,Unknown,,,No valid network found
ONT,ONT,AKf6byRMjr4S5tG1LeZmezgE9yVCxuPVmP,,Success
OP,Unknown,,,No valid network found
OPEN,ETH,0x4832315bf491e4ef3637988f2a3d8951c8231800,,Success
ORBS,ETH,0x4832315bf491e4ef3637988f2a3d8951c8231800,,Success
ORCA,SOL,BVycw5iD6vF2gAkH2bb2tPAU5v9xswxWjh45n34nhwqX,,Success
ORDER,ETH,0x4832315bf491e4ef3637988f2a3d8951c8231800,,Success
OSMO,OSMO,osmo12epmgtyju2vn2j02u9n92a4tt9q7yrcd7fnekx,1008712663,Success
OXT,ETH,0x4832315bf491e4ef3637988f2a3d8951c8231800,,Success
PARTI,Unknown,,,No valid network found
PAXG,ETH,0x4832315bf491e4ef3637988f2a3d8951c8231800,,Success
PCI,PCI,PCI013BB7A410716A7DD7923D0FFC0F2319769263AA72400F7EE6,1008712663,Success
PEAQ,PEAQ,0x4832315bf491e4ef3637988f2a3d8951c8231800,,Success
PENDLE,ETH,0x4832315bf491e4ef3637988f2a3d8951c8231800,,Success
PENGU,SOL,BVycw5iD6vF2gAkH2bb2tPAU5v9xswxWjh45n34nhwqX,,Success
PEPE,ETH,0x4832315bf491e4ef3637988f2a3d8951c8231800,,Success
PIEVERSE,ETH,0x4832315bf491e4ef3637988f2a3d8951c8231800,,Success
PLUME,ETH,0x4832315bf491e4ef3637988f2a3d8951c8231800,,Success
POKT,POKT,pokt12fs4wderqf7s4svsaftcuk4q2dugvzqsrtaz34,1008712663,Success
POL,POL,0xb8c799e4b286973913a17a4efd8753a3b07e7b88,,Success
POLA,ETH,0x4832315bf491e4ef3637988f2a3d8951c8231800,,Success
POLYX,POLYX,2GQDo9agDd2pjxtje2sABjnBawCX3rATTHG9YPNsNwZ92mfN,1008712663,Success
PONKE,SOL,BVycw5iD6vF2gAkH2bb2tPAU5v9xswxWjh45n34nhwqX,,Success
POPCAT,SOL,BVycw5iD6vF2gAkH2bb2tPAU5v9xswxWjh45n34nhwqX,,Success
POWR,ETH,0x4832315bf491e4ef3637988f2a3d8951c8231800,,Success
PROMPT,Unknown,,,No valid network found
PROVE,ETH,0x4832315bf491e4ef3637988f2a3d8951c8231800,,Success
PUFFER,ETH,0x4832315bf491e4ef3637988f2a3d8951c8231800,,Success
PUMP,SOL,BVycw5iD6vF2gAkH2bb2tPAU5v9xswxWjh45n34nhwqX,,Success
PUMPBTC,Unknown,,,No valid network found
PUNDIX,ETH,0x4832315bf491e4ef3637988f2a3d8951c8231800,,Success
PYR,ETH,0x4832315bf491e4ef3637988f2a3d8951c8231800,,Success
PYTH,SOL,BVycw5iD6vF2gAkH2bb2tPAU5v9xswxWjh45n34nhwqX,,Success
QKC,QKC,0x4042ab1b6b479bb8c12233c58a8b58813957fd9c00004033,,Success
QTUM,QTUM,QNWF7jhGw5BZ2dtenRzRfYv2Uz5SThGQZE,,Success
RAD,ETH,0x4832315bf491e4ef3637988f2a3d8951c8231800,,Success
RAY,SOL,BVycw5iD6vF2gAkH2bb2tPAU5v9xswxWjh45n34nhwqX,,Success
RECALL,Unknown,,,No valid network found
RED,ETH,0x4832315bf491e4ef3637988f2a3d8951c8231800,,Success
REI,REI,0x1cec534c583d891885faf950920b98cea715111a,,Success
RENDER,SOL,BVycw5iD6vF2gAkH2bb2tPAU5v9xswxWjh45n34nhwqX,,Success
RENDER,ETH,0x4832315bf491e4ef3637988f2a3d8951c8231800,,Success
REQ,ETH,0x4832315bf491e4ef3637988f2a3d8951c8231800,,Success
RESOLV,ETH,0x4832315bf491e4ef3637988f2a3d8951c8231800,,Success
REZ,ETH,0x4832315bf491e4ef3637988f2a3d8951c8231800,,Success
RLC,ETH,0x4832315bf491e4ef3637988f2a3d8951c8231800,,Success
ROA,SOL,BVycw5iD6vF2gAkH2bb2tPAU5v9xswxWjh45n34nhwqX,,Success
RON,RON,0x4832315bf491e4ef3637988f2a3d8951c8231800,,Success
RPL,ETH,0x4832315bf491e4ef3637988f2a3d8951c8231800,,Success
RSR,ETH,0x4832315bf491e4ef3637988f2a3d8951c8231800,,Success
RSS3,ETH,0x4832315bf491e4ef3637988f2a3d8951c8231800,,Success
RVN,RVN,RV8KnzXf7RYY4M76SYGePZHcFYEAPNZL96,,Success
S,S,0x4832315bf491e4ef3637988f2a3d8951c8231800,,Success
SAFE,ETH,0x4832315bf491e4ef3637988f2a3d8951c8231800,,Success
SAHARA,ETH,0x4832315bf491e4ef3637988f2a3d8951c8231800,,Success
SAND,ETH,0x4832315bf491e4ef3637988f2a3d8951c8231800,,Success
SAPIEN,Unknown,,,No valid network found
SC,SC,3b0e341328df9b5c20d700cf93196f119398dde4eeaf9af343427d1f847083f45ac20681718e,,Success
SCR,Unknown,,,No valid network found
SD,ETH,0x4832315bf491e4ef3637988f2a3d8951c8231800,,Success
SEI,SEI,sei13en8pndjw9d22ekkp4zf5p9ty88rlzvvq70t75,1008712663,Success
SFP,Unknown,,,No valid network found
SHELL,ETH,0x4832315bf491e4ef3637988f2a3d8951c8231800,,Success
SHIB,ETH,0x4832315bf491e4ef3637988f2a3d8951c8231800,,Success
SIGN,Unknown,,,No valid network found
SIX,Unknown,,,No valid network found
SKL,ETH,0x4832315bf491e4ef3637988f2a3d8951c8231800,,Success
SKR,SOL,BVycw5iD6vF2gAkH2bb2tPAU5v9xswxWjh45n34nhwqX,,Success
SKY,ETH,0x4832315bf491e4ef3637988f2a3d8951c8231800,,Success
SNT,ETH,0x4832315bf491e4ef3637988f2a3d8951c8231800,,Success
SNX,ETH,0x4832315bf491e4ef3637988f2a3d8951c8231800,,Success
SOL,SOL,BVycw5iD6vF2gAkH2bb2tPAU5v9xswxWjh45n34nhwqX,,Success
SOLV,ETH,0x4832315bf491e4ef3637988f2a3d8951c8231800,,Success
SOMI,SOMI,0x4832315bf491e4ef3637988f2a3d8951c8231800,,Success
SONIC,SOL,BVycw5iD6vF2gAkH2bb2tPAU5v9xswxWjh45n34nhwqX,,Success
SOON,SOL,BVycw5iD6vF2gAkH2bb2tPAU5v9xswxWjh45n34nhwqX,,Success
SOPH,SOPH,0x4832315bf491e4ef3637988f2a3d8951c8231800,,Success
SPK,ETH,0x4832315bf491e4ef3637988f2a3d8951c8231800,,Success
SPURS,Unknown,,,No valid network found
STABLE,Unknown,,,No valid network found
STAT,ETH,0x4832315bf491e4ef3637988f2a3d8951c8231800,,Success
STEEM,STEEM,bithumbrecv1,1008712663,Success
STG,ETH,0x4832315bf491e4ef3637988f2a3d8951c8231800,,Success
STORJ,ETH,0x4832315bf491e4ef3637988f2a3d8951c8231800,,Success
STRAX,STRAX,0x4832315bf491e4ef3637988f2a3d8951c8231800,,Success
STRK,STRK,0x031fc2aacfd7ea9dca09bc578eb459ab80a8d7a863d209304fd628535343c125,,Success
STRK,ETH,0x4832315bf491e4ef3637988f2a3d8951c8231800,,Success
STX,STX,SP3QE0N5BQ5CBJ26FC2BNMEXM1XW671BZHSY43PQG,1008712663,Success
SUI,SUI,0xfa36ba32a1faa8e353fac104a0b8bed5cfe7f2ffb8d453f6a7e53eb0d9d9db35,,Success
SUN,Unknown,,,No valid network found
SUNDOG,Unknown,,,No valid network found
SUPER,ETH,0x4832315bf491e4ef3637988f2a3d8951c8231800,,Success
SUSHI,ETH,0x4832315bf491e4ef3637988f2a3d8951c8231800,,Success
SWAP,ETH,0x4832315bf491e4ef3637988f2a3d8951c8231800,,Success
SWELL,ETH,0x4832315bf491e4ef3637988f2a3d8951c8231800,,Success
SXP,SXP,SPwEERwjwnnYERb47otfQwqrJefitmBxQg,,Success
SXT,ETH,0x4832315bf491e4ef3637988f2a3d8951c8231800,,Success
SYRUP,ETH,0x4832315bf491e4ef3637988f2a3d8951c8231800,,Success
T,ETH,0x4832315bf491e4ef3637988f2a3d8951c8231800,,Success
TAIKO,Unknown,,,No valid network found
TALK,ETH,0x4832315bf491e4ef3637988f2a3d8951c8231800,,Success
TAO,TAO,5CJ9moHHzosJcyKudjWHCsGCeHrjmRJPPc6AcTwKr9v8eXTa,,Success
TAVA,ETH,0x4832315bf491e4ef3637988f2a3d8951c8231800,,Success
TDROP,Unknown,,,No valid network found
TEMCO,Unknown,,,No valid network found
TFUEL,Unknown,,,No valid network found
THE,Unknown,,,No valid network found
THETA,THETA,0x21ea3dd0e226119ff24b79cb4ae3a85de78c11f4,,Success
THQ,ETH,0x4832315bf491e4ef3637988f2a3d8951c8231800,,Success
TIA,TIA,celestia1vcfyddfzavw68elg8jyq46y7kuaqee0sl8k3wj,1008712663,Success
TOKAMAK,ETH,0x4832315bf491e4ef3637988f2a3d8951c8231800,,Success
TON,TON,EQDny_JvDisllMdoeGfLiEomzgnLXkJWNr-iJrM5bJgfl8ED,1008712663,Success
TOSHI,Unknown,,,No valid network found
TOWNS,Unknown,,,No valid network found
TRAC,ETH,0x4832315bf491e4ef3637988f2a3d8951c8231800,,Success
TREE,ETH,0x4832315bf491e4ef3637988f2a3d8951c8231800,,Success
TRUMP,SOL,BVycw5iD6vF2gAkH2bb2tPAU5v9xswxWjh45n34nhwqX,,Success
TRUST,Unknown,,,No valid network found
TRX,TRX,TUFj3rEksz7JcAYnxVVaDg7S5y4FaVC3ED,,Success
TT,TT,0x4832315bf491e4ef3637988f2a3d8951c8231800,,Success
TURBO,ETH,0x4832315bf491e4ef3637988f2a3d8951c8231800,,Success
UMA,ETH,0x4832315bf491e4ef3637988f2a3d8951c8231800,,Success
UNI,ETH,0x4832315bf491e4ef3637988f2a3d8951c8231800,,Success
UOS,ETH,0x4832315bf491e4ef3637988f2a3d8951c8231800,,Success
USD1,ETH,0x4832315bf491e4ef3637988f2a3d8951c8231800,,Success
USDC,ETH,0x4832315bf491e4ef3637988f2a3d8951c8231800,,Success
USDE,ETH,0x4832315bf491e4ef3637988f2a3d8951c8231800,,Success
USDS,ETH,0x4832315bf491e4ef3637988f2a3d8951c8231800,,Success
USDT,ETH,0x4832315bf491e4ef3637988f2a3d8951c8231800,,Success
VANA,VANA,0x4832315bf491e4ef3637988f2a3d8951c8231800,,Success
VET,VET,0x2d633b90677e21f4c0fc1e378947713472c730f7,,Success
VIRTUAL,Unknown,,,No valid network found
VTHO,Unknown,,,No valid network found
W,SOL,BVycw5iD6vF2gAkH2bb2tPAU5v9xswxWjh45n34nhwqX,,Success
WAL,Unknown,,,No valid network found
WAVES,WAVES,3P2aa79AbFjMCDzxz5dsimRxr8ejE1iLbf2,,Success
WAXL,ETH,0x4832315bf491e4ef3637988f2a3d8951c8231800,,Success
WAXP,WAXP,bithumbwaxr1,1008712663,Success
WCT,Unknown,,,No valid network found
WET,SOL,BVycw5iD6vF2gAkH2bb2tPAU5v9xswxWjh45n34nhwqX,,Success
WIF,SOL,BVycw5iD6vF2gAkH2bb2tPAU5v9xswxWjh45n34nhwqX,,Success
WIKEN,Unknown,,,No valid network found
WITCH,ETH,0x4832315bf491e4ef3637988f2a3d8951c8231800,,Success
WLD,ETH,0x4832315bf491e4ef3637988f2a3d8951c8231800,,Success
WLFI,ETH,0x4832315bf491e4ef3637988f2a3d8951c8231800,,Success
WNCG,ETH,0x4832315bf491e4ef3637988f2a3d8951c8231800,,Success
WOO,ETH,0x4832315bf491e4ef3637988f2a3d8951c8231800,,Success
XAI,Unknown,,,No valid network found
XAN,ETH,0x4832315bf491e4ef3637988f2a3d8951c8231800,,Success
XAUT,ETH,0x4832315bf491e4ef3637988f2a3d8951c8231800,,Success
XCN,ETH,0x4832315bf491e4ef3637988f2a3d8951c8231800,,Success
XEC,XEC,ecash:qruwrahpqtnjl55jlx9xuqknrx0htuqkkygpyjtp3c,,Success
XION,XION,xion1uug499c6rxjep29jj0xjwmzh2lq3p8snhtym5d,1008712663,Success
XLM,XLM,GAA23STAFIH3D24GT3AKKL4TPK44WEUBH3JF4OPMLN777XQ4EHTHCHIS,1008712663,Success
XPL,XPL,0x4832315bf491e4ef3637988f2a3d8951c8231800,,Success
XPLA,XPLA,xpla129rz7xnn2v7s9aenk7l45urgvvg7v3f50dfxwu,1008712663,Success
XPR,XPR,bithumbxprr1,1008712663,Success
XRP,XRP,rDxfhNRgCDNDckm45zT5ayhKDC4Ljm7UoP,1008712663,Success
XTER,Unknown,,,No valid network found
XTZ,XTZ,tz1RwEWeF8CVCQau7Yv7oXRa81GjdFGKcYve,,Success
XVS,Unknown,,,No valid network found
XYO,ETH,0x4832315bf491e4ef3637988f2a3d8951c8231800,,Success
YB,ETH,0x4832315bf491e4ef3637988f2a3d8951c8231800,,Success
YFI,ETH,0x4832315bf491e4ef3637988f2a3d8951c8231800,,Success
YGG,ETH,0x4832315bf491e4ef3637988f2a3d8951c8231800,,Success
ZBT,ETH,0x4832315bf491e4ef3637988f2a3d8951c8231800,,Success
ZETA,ZETA,0x4832315bf491e4ef3637988f2a3d8951c8231800,,Success
ZETA,ETH,0x4832315bf491e4ef3637988f2a3d8951c8231800,,Success
ZIL,ZIL,zil13v5mvgumf9vkfkuk4gj6s9kntewcnk5h305mjv,,Success
ZK,Unknown,,,No valid network found
ZKC,ETH,0x4832315bf491e4ef3637988f2a3d8951c8231800,,Success
ZKP,ETH,0x4832315bf491e4ef3637988f2a3d8951c8231800,,Success
ZORA,Unknown,,,No valid network found
ZRC,Unknown,,,No valid network found
ZRO,ETH,0x4832315bf491e4ef3637988f2a3d8951c8231800,,Success
ZRX,ETH,0x4832315bf491e4ef3637988f2a3d8951c8231800,,Success
ZTX,Unknown,,,No valid network found
